{"NVDA": {"current_price": 135.1300048828125, "model_scores": {"LinearRegression": {"train_score": 0.9953191711183673, "test_score": 0.996149197120973}, "GradientBoosting": {"train_score": 0.9997401628030821, "test_score": 0.9974192639268105}, "DecisionTree": {"train_score": 0.9871716300186022, "test_score": 0.9876985916948458}, "RandomForest": {"train_score": 0.9993238045152496, "test_score": 0.9971856825738811}}, "predictions": {"LinearRegression": {"predicted_price": 136.04995453735236, "change_percent": 0.6807885897271019}, "GradientBoosting": {"predicted_price": 137.7282119398567, "change_percent": 1.9227462170947234}, "DecisionTree": {"predicted_price": 137.5484913720025, "change_percent": 1.789747947753989}, "RandomForest": {"predicted_price": 136.26706466674804, "change_percent": 0.8414561850431536}}, "latest_features": {"sentiment_lag": -0.7397233512603554, "Volume_lag": 369241900.0, "MA_5_lag": 134.7239990234375, "MA_20_lag": 126.92099990844727, "RSI_lag": 70.66784533546587}}, "AAPL": {"current_price": 200.85000610351562, "model_scores": {"LinearRegression": {"train_score": 0.9931086289647992, "test_score": 0.9915650317178075}, "GradientBoosting": {"train_score": 0.9987692473215067, "test_score": 0.99223001904175}, "DecisionTree": {"train_score": 0.9731913832993868, "test_score": 0.9681792262981608}, "RandomForest": {"train_score": 0.9987052357825266, "test_score": 0.9913561554458178}}, "predictions": {"LinearRegression": {"predicted_price": 199.87829925804087, "change_percent": -0.48379726957735336}, "GradientBoosting": {"predicted_price": 200.1360733222209, "change_percent": -0.3554556931040189}, "DecisionTree": {"predicted_price": 212.50922978388797, "change_percent": 5.804940665206318}, "RandomForest": {"predicted_price": 199.2286636352539, "change_percent": -0.8072404376358894}}, "latest_features": {"sentiment_lag": -0.11441382845665192, "Volume_lag": 51396800.0, "MA_5_lag": 199.44200134277344, "MA_20_lag": 204.00977935791016, "RSI_lag": 44.63352374246426}}, "MSFT": {"current_price": 460.3599853515625, "model_scores": {"LinearRegression": {"train_score": 0.9946335812061133, "test_score": 0.9948656158545653}, "GradientBoosting": {"train_score": 0.9989044330794978, "test_score": 0.9946437830729444}, "DecisionTree": {"train_score": 0.9808714277314445, "test_score": 0.9784676135224976}, "RandomForest": {"train_score": 0.9989289124238513, "test_score": 0.9942712979546122}}, "predictions": {"LinearRegression": {"predicted_price": 461.3535873357476, "change_percent": 0.215831526588113}, "GradientBoosting": {"predicted_price": 460.6745851636902, "change_percent": 0.06833778393825003}, "DecisionTree": {"predicted_price": 437.6769744128716, "change_percent": -4.927233395701979}, "RandomForest": {"predicted_price": 458.0778076171875, "change_percent": -0.49573764162673345}}, "latest_features": {"sentiment_lag": -1.0513643261911132, "Volume_lag": 13974800.0, "MA_5_lag": 456.35399169921874, "MA_20_lag": 447.12411041259764, "RSI_lag": 69.1090998790118}}, "GOOGL": {"current_price": 171.74000549316406, "model_scores": {"LinearRegression": {"train_score": 0.9917355502168724, "test_score": 0.9918669850530828}, "GradientBoosting": {"train_score": 0.9985247649139617, "test_score": 0.9913929098124867}, "DecisionTree": {"train_score": 0.9708498665124714, "test_score": 0.9647560168371194}, "RandomForest": {"train_score": 0.9982953203394922, "test_score": 0.9906183873067439}}, "predictions": {"LinearRegression": {"predicted_price": 172.04886099217887, "change_percent": 0.1798389944893211}, "GradientBoosting": {"predicted_price": 171.27840746539354, "change_percent": -0.2687772289543183}, "DecisionTree": {"predicted_price": 165.73887793223062, "change_percent": -3.4943096360692207}, "RandomForest": {"predicted_price": 172.1324951171875, "change_percent": 0.22853709762985236}}, "latest_features": {"sentiment_lag": -0.5842902953262976, "Volume_lag": 29373800.0, "MA_5_lag": 171.29199829101563, "MA_20_lag": 164.01149978637696, "RSI_lag": 60.79818984407939}}, "TSLA": {"current_price": 346.4599914550781, "model_scores": {"LinearRegression": {"train_score": 0.9813193474687768, "test_score": 0.9781504507901515}, "GradientBoosting": {"train_score": 0.9969344195971215, "test_score": 0.9762145449842443}, "DecisionTree": {"train_score": 0.9522137379499103, "test_score": 0.9436178114590028}, "RandomForest": {"train_score": 0.9966492716122971, "test_score": 0.9756901213079154}}, "predictions": {"LinearRegression": {"predicted_price": 355.57892482365753, "change_percent": 2.632030708735315}, "GradientBoosting": {"predicted_price": 370.0555758417728, "change_percent": 6.810478834106322}, "DecisionTree": {"predicted_price": 339.28427734375, "change_percent": -2.071152308580065}, "RandomForest": {"predicted_price": 368.7269989013672, "change_percent": 6.427006868172892}}, "latest_features": {"sentiment_lag": 0.14126060007034377, "Volume_lag": 88545700.0, "MA_5_lag": 351.7200012207031, "MA_20_lag": 322.7350021362305, "RSI_lag": 67.69368789195978}}, "AMZN": {"current_price": 205.00999450683594, "model_scores": {"LinearRegression": {"train_score": 0.9870661914117096, "test_score": 0.9853951677220412}, "GradientBoosting": {"train_score": 0.9970443501362289, "test_score": 0.9831477841271566}, "DecisionTree": {"train_score": 0.9621948162461773, "test_score": 0.9573682724981033}, "RandomForest": {"train_score": 0.9970872442896024, "test_score": 0.9831326884878898}}, "predictions": {"LinearRegression": {"predicted_price": 205.53052722920546, "change_percent": 0.2539060222998868}, "GradientBoosting": {"predicted_price": 205.67590853915667, "change_percent": 0.32482027713947564}, "DecisionTree": {"predicted_price": 196.8115481422061, "change_percent": -3.999047160774622}, "RandomForest": {"predicted_price": 204.08500213623046, "change_percent": -0.4511937931760867}}, "latest_features": {"sentiment_lag": -0.24015895642901605, "Volume_lag": 34650000.0, "MA_5_lag": 204.1060028076172, "MA_20_lag": 199.91450042724608, "RSI_lag": 58.84700060227802}}, "META": {"current_price": 647.489990234375, "model_scores": {"LinearRegression": {"train_score": 0.994594687669545, "test_score": 0.9933682168175318}, "GradientBoosting": {"train_score": 0.9992335178063961, "test_score": 0.9941832744390319}, "DecisionTree": {"train_score": 0.9781075130565187, "test_score": 0.9771181619615147}, "RandomForest": {"train_score": 0.9990344586104705, "test_score": 0.9935247701165901}}, "predictions": {"LinearRegression": {"predicted_price": 645.2616836039927, "change_percent": -0.3441453403126368}, "GradientBoosting": {"predicted_price": 649.2814459966044, "change_percent": 0.2766769817678416}, "DecisionTree": {"predicted_price": 673.3026697495404, "change_percent": 3.9865758397009183}, "RandomForest": {"predicted_price": 640.5363586425781, "change_percent": -1.073936539046709}}, "latest_features": {"sentiment_lag": -0.023694330490735396, "Volume_lag": 8883400.0, "MA_5_lag": 638.9160034179688, "MA_20_lag": 624.4885040283203, "RSI_lag": 62.97995220096632}}}